{
  "broad_focal": {
    "case": "C12",
    "primary_dv": "qn12012",
    "primary_treatment_root": "internet",
    "n_specs": 96,
    "beta_median": -0.01903855160339225,
    "beta_mean": -0.02147422206972198,
    "beta_min": -0.1146739579246713,
    "beta_max": 0.0656398109663112,
    "beta_median_ci_lo": -0.0289227095654305,
    "beta_median_ci_hi": -0.011167671618370439,
    "beta_q25": -0.04523430229340805,
    "beta_q75": 0.003603600694364825,
    "sign_stability": 0.6979166666666666,
    "sig_rate_any": 0.21875,
    "sig_rate_same_sign": 0.20833333333333334,
    "fragile": true,
    "headline_beta": -0.0021,
    "headline_p": 0.876,
    "median_vs_headline_ratio": 9.06597695399631
  },
  "narrow_focal": {
    "case": "C12",
    "primary_dv": "qn12012",
    "primary_treatment_root": "internet",
    "n_specs": 24,
    "beta_median": -0.0031620978022172,
    "beta_mean": -0.016181777475722605,
    "beta_min": -0.0932341562992105,
    "beta_max": 0.0371998089798172,
    "beta_median_ci_lo": -0.0387252698514228,
    "beta_median_ci_hi": 0.0036440994813973,
    "beta_q25": -0.046084857599638554,
    "beta_q75": 0.01029110777265755,
    "sign_stability": 0.625,
    "sig_rate_any": 0.0,
    "sig_rate_same_sign": 0.0,
    "fragile": true,
    "headline_beta": -0.0021,
    "headline_p": 0.876,
    "median_vs_headline_ratio": 1.5057608581986666
  }
}