{
  "broad_focal": {
    "case": "D_alcohol",
    "primary_dv": "srh",
    "primary_treatment_root": "drinkl",
    "n_specs": 117,
    "beta_median": 0.0349876015411508,
    "beta_mean": 0.06774095317071854,
    "beta_min": -0.0569313437906864,
    "beta_max": 0.2818121758728054,
    "beta_median_ci_lo": 0.026439420763625,
    "beta_median_ci_hi": 0.0442502435581141,
    "beta_q25": 0.0157216796664813,
    "beta_q75": 0.120516418937207,
    "sign_stability": 0.8803418803418803,
    "sig_rate_any": 0.6837606837606838,
    "sig_rate_same_sign": 0.6666666666666666,
    "fragile": false,
    "headline_beta": 0.1181,
    "headline_p": 3.48e-17,
    "median_vs_headline_ratio": 0.2962540350647824
  },
  "narrow_focal": {
    "case": "D_alcohol",
    "primary_dv": "srh",
    "primary_treatment_root": "drinkl",
    "n_specs": 27,
    "beta_median": 0.133559069143769,
    "beta_mean": 0.14842654077862175,
    "beta_min": 0.0,
    "beta_max": 0.2818121758728054,
    "beta_median_ci_lo": 0.1116348665134891,
    "beta_median_ci_hi": 0.2009754585215046,
    "beta_q25": 0.0953029704899213,
    "beta_q75": 0.2154691446316376,
    "sign_stability": 0.9629629629629629,
    "sig_rate_any": 0.9259259259259259,
    "sig_rate_same_sign": 0.9259259259259259,
    "fragile": false,
    "headline_beta": 0.1181,
    "headline_p": 3.48e-17,
    "median_vs_headline_ratio": 1.1308981299218375
  }
}