{
  "broad_focal": {
    "case": "C8",
    "primary_dv": "life_sat",
    "primary_treatment_root": "stock_hold",
    "n_specs": 64,
    "beta_median": -0.05323200302897095,
    "beta_mean": 0.0008049877222779354,
    "beta_min": -0.3130148004630456,
    "beta_max": 0.865010371705651,
    "beta_median_ci_lo": -0.07391769742559415,
    "beta_median_ci_hi": -0.0168979013387836,
    "beta_q25": -0.08942735634801872,
    "beta_q75": 0.026916809214417275,
    "sign_stability": 0.6875,
    "sig_rate_any": 0.578125,
    "sig_rate_same_sign": 0.53125,
    "fragile": true,
    "headline_beta": -0.1066,
    "headline_p": 2.57e-19,
    "median_vs_headline_ratio": 0.49936212972768246
  },
  "narrow_focal": {
    "case": "C8",
    "primary_dv": "life_sat",
    "primary_treatment_root": "stock_hold",
    "n_specs": 23,
    "beta_median": -0.0765599177713457,
    "beta_mean": -0.04993633716653164,
    "beta_min": -0.1267664873604121,
    "beta_max": 0.1958357901971047,
    "beta_median_ci_lo": -0.0895335735014584,
    "beta_median_ci_hi": -0.0564450691848061,
    "beta_q25": -0.1057521543822592,
    "beta_q75": -0.0481269984937852,
    "sign_stability": 0.8260869565217391,
    "sig_rate_any": 0.782608695652174,
    "sig_rate_same_sign": 0.782608695652174,
    "fragile": false,
    "headline_beta": -0.1066,
    "headline_p": 2.57e-19,
    "median_vs_headline_ratio": 0.7181981029206914
  }
}