{
  "broad_focal": {
    "case": "C11",
    "primary_dv": "qn12012",
    "primary_treatment_root": "d_food_share",
    "n_specs": 192,
    "beta_median": -0.019801363303460398,
    "beta_mean": -0.03635796118001094,
    "beta_min": -0.3182191125245548,
    "beta_max": 0.1718849850705325,
    "beta_median_ci_lo": -0.02331875636503965,
    "beta_median_ci_hi": -0.01770687412321805,
    "beta_q25": -0.06574255001431598,
    "beta_q75": 0.0052914009588338,
    "sign_stability": 0.7395833333333334,
    "sig_rate_any": 0.6458333333333334,
    "sig_rate_same_sign": 0.4479166666666667,
    "fragile": true,
    "headline_beta": -0.0108,
    "headline_p": 0.625,
    "median_vs_headline_ratio": 1.833459565135222
  },
  "narrow_focal": {
    "case": "C11",
    "primary_dv": "qn12012",
    "primary_treatment_root": "d_food_share",
    "n_specs": 48,
    "beta_median": -0.02395815740874475,
    "beta_mean": -0.035227731187672806,
    "beta_min": -0.0927372934051866,
    "beta_max": 0.0206781011236879,
    "beta_median_ci_lo": -0.031351975559079474,
    "beta_median_ci_hi": -0.0217034476710718,
    "beta_q25": -0.04298029480579875,
    "beta_q75": -0.0209152975135734,
    "sign_stability": 0.9166666666666666,
    "sig_rate_any": 0.25,
    "sig_rate_same_sign": 0.25,
    "fragile": false,
    "headline_beta": -0.0108,
    "headline_p": 0.625,
    "median_vs_headline_ratio": 2.2183479082171065
  }
}