{
  "broad_focal": {
    "case": "C13",
    "primary_dv": "qn12012",
    "primary_treatment_root": "mortgage_burden_w",
    "n_specs": 192,
    "beta_median": 0.030168774038212148,
    "beta_mean": 0.09884394561197475,
    "beta_min": -0.0500551363655014,
    "beta_max": 0.5339968473352116,
    "beta_median_ci_lo": 0.0142447855184061,
    "beta_median_ci_hi": 0.0913819486659764,
    "beta_q25": -0.007065705739104474,
    "beta_q75": 0.16392707823774688,
    "sign_stability": 0.75,
    "sig_rate_any": 0.921875,
    "sig_rate_same_sign": 0.671875,
    "fragile": false,
    "headline_beta": 0.1946,
    "headline_p": 1.46e-05,
    "median_vs_headline_ratio": 0.1550296713166092
  },
  "narrow_focal": {
    "case": "C13",
    "primary_dv": "qn12012",
    "primary_treatment_root": "mortgage_burden_w",
    "n_specs": 48,
    "beta_median": 0.24327836034854194,
    "beta_mean": 0.2696527124375409,
    "beta_min": 0.0434186097001002,
    "beta_max": 0.5339968473352116,
    "beta_median_ci_lo": 0.1831195037840765,
    "beta_median_ci_hi": 0.3230580067361382,
    "beta_q25": 0.14371637891953512,
    "beta_q75": 0.3741076980547646,
    "sign_stability": 1.0,
    "sig_rate_any": 0.75,
    "sig_rate_same_sign": 0.75,
    "fragile": false,
    "headline_beta": 0.1946,
    "headline_p": 1.46e-05,
    "median_vs_headline_ratio": 1.2501457366317674
  }
}