run_id	lnL_null	lnL_alt05	lnL_alt15	lnL_alt_best	LRT	p_full	p_half
TAS1R1_pc__hummingbird	-13294.972912	-13293.864053	-13293.864053	-13293.864053	2.217717999999877	0.1364345906113279	0.06821729530566395
TAS1R1_pc__mouse_control	-13299.668465	-13299.668465	-13299.668465	-13299.668465	0.0	1.0	0.5
