run_id	lnL_null	lnL_alt05	lnL_alt15	lnL_alt_best	LRT	p_full	p_half
TAS1R1_pc_v2__apodiformes	-17372.330867	-17372.330867	-17372.330867	-17372.330867	0.0	1.0	0.5
TAS1R1_pc_v2__mouse_control	-17372.330867	-17372.330867	-17372.330867	-17372.330867	0.0	1.0	0.5
